Vendor Name,PO Number,Invoice Number,Invoice Date (YYYY-MM-DD),Basic Amount,GST Amount,PO Date (YYYY-MM-DD),Invoice Month (YYYY-MM),Received Date (YYYY-MM-DD),Total Amount,Credit Note Number,Credit Note Value,Remarks,Store Handover Date,Store Received Date,Store Remarks,HO Received Date,Forwarded to QS Date,Doc Ctrl Remarks,QS Certified Date,QS Certified Gross Amount,QS Certified Tax Amount,QS Certified Total (with GST),Advance Recovered,Credit Note Amount (QS),Retention Money,TDS,Other Deductions,Total Deductions,QS Certified Net Amount,Payment Certificate Number,QS Remarks,Procurement Received Date,Procurement Verify Date,Proc Received from QS Date,Mgmt Approval Date,Procurement Remarks,Accounts JV Date,Accounts Dept1 Date,Transfer Status,Transferred (Yes/No),Accounts Remarks,Payment Status,Paid Amount,Balance to Pay,Payment Date (YYYY-MM-DD)
SCP Concrete,POTQS001-A1,04226/2025-2026,26-03-2026,41525,7475,26-03-2026,Mar-26,26-03-2026,49000,,,,05-04-2026,26-03-2026,,06-04-2026,06-04-2026,,11-Apr-26,41525,7475,49000,0,0,0,0,0,0,49000,P22/PO01/5386/SCP,,,,,,,,,,,,,,,
SCP Concrete,POTQS001-A1,04227/2025-2026,26-03-2026,41525,7475,26-03-2026,Mar-26,26-03-2026,49000,,,,05-04-2026,26-03-2026,,06-04-2026,06-04-2026,,11-Apr-26,41525,7475,49000,0,0,0,0,0,0,49000,P22/PO01/5386/SCP,,,,,,,,,,,,,,,
SCP Concrete,POTQS001-A1,04231/2025-2026,26-03-2026,41525,7475,26-03-2026,Mar-26,26-03-2026,49000,,,,05-04-2026,26-03-2026,,06-04-2026,06-04-2026,,11-Apr-26,41525,7475,49000,0,0,0,0,0,0,49000,P22/PO01/5386/SCP,,,,,,,,,,,,,,,
Power tools and Tackles,POTQS067,PTT/29803/25-26,27-03-2026,117147,20486,27-03-2026,Mar-26,27-03-2026,137633,,,,05-04-2026,27-03-2026,,06-04-2026,06-04-2026,,11-Apr-26,117147,20486,137633,0,0,0,0,0,0,137633,P22/PO67/5387/PTT,,,,,,,,,,,,,,,
SCP Concrete,POTQS001-A1,04247/2025-2026,27-03-2026,19703,3547,27-03-2026,Mar-26,27-03-2026,23250,,,,05-04-2026,27-03-2026,,06-04-2026,06-04-2026,,11-Apr-26,19703,3547,23250,0,0,0,0,0,0,23250,P22/PO01/5386/SCP,,,,,,,,,,,,,,,
SCP Concrete,POTQS001-A1,04273/2025-2026,28-03-2026,11822,2128,28-03-2026,Mar-26,28-03-2026,13950,,,,05-04-2026,28-03-2026,,06-04-2026,06-04-2026,,11-Apr-26,11822,2128,13950,0,0,0,0,0,0,13950,P22/PO01/5386/SCP,,,,,,,,,,,,,,,
Faczo Tech Pvt Ltd,POTQS065,FACZO/25-26/1250,30-03-2026,9308,1675,30-03-2026,Mar-26,30-03-2026,10983,,,,05-04-2026,30-03-2026,,06-04-2026,06-04-2026,,,,0,0,0,0,0,0,0,0,0,,,,,,,,,,,,,,,,
SCP Concrete,POTQS001-A1,00010/2026-2027,01-04-2026,23644,4256,01-04-2026,Apr-26,01-04-2026,27900,,,,05-04-2026,01-04-2026,,06-04-2026,06-04-2026,,11-Apr-26,23644,4256,27900,0,0,0,0,0,0,27900,P22/PO01/5386/SCP,,,,,,,,,,,,,,,
SCP Concrete,POTQS001-A1,00011/2026-2027,01-04-2026,23644,4256,01-04-2026,Apr-26,01-04-2026,27900,,,,05-04-2026,01-04-2026,,06-04-2026,06-04-2026,,11-Apr-26,23644,4256,27900,0,0,0,0,0,0,27900,P22/PO01/5386/SCP,,,,,,,,,,,,,,,
SCP Concrete,POTQS001-A1,00030/2026-2027,03-04-2026,37373,6727,03-04-2026,Apr-26,03-04-2026,44100,,,,05-04-2026,03-04-2026,,06-04-2026,06-04-2026,,11-Apr-26,37373,6727,44100,0,0,0,0,0,0,44100,P22/PO01/5386/SCP,,,,,,,,,,,,,,,
SCP Concrete,POTQS001-A1,00033/2026-2027,03-04-2026,29068,5232,03-04-2026,Apr-26,03-04-2026,34300,,,,05-04-2026,03-04-2026,,06-04-2026,06-04-2026,,11-Apr-26,29068,5232,34300,0,0,0,0,0,0,34300,P22/PO01/5386/SCP,,,,,,,,,,,,,,,
Faczo Tech Pvt Ltd,POTQS065,FACZO/25-26/1267,03-04-2026,22466,4044,03-04-2026,Apr-26,03-04-2026,26510,,,,07-04-2026,03-04-2026,,08-04-2026,08-04-2026,,,,0,0,0,0,0,0,0,0,0,,,,,,,,,,,,,,,,
SCP Concrete,POTQS001-A1,00041/2026-2027,04-04-2026,20763,3737,04-04-2026,Apr-26,04-04-2026,24500,,,,07-04-2026,04-04-2026,,08-04-2026,08-04-2026,,11-Apr-26,20763,3737,24500,0,0,0,0,0,0,24500,P22/PO01/5386/SCP,,,,,,,,,,,,,,,
SCP Concrete,POTQS001-A1,00042/2026-2027,04-04-2026,18686,3364,04-04-2026,Apr-26,04-04-2026,22050,,,,07-04-2026,04-04-2026,,08-04-2026,08-04-2026,,11-Apr-26,18686,3364,22050,0,0,0,0,0,0,22050,P22/PO01/5386/SCP,,,,,,,,,,,,,,,
Sand Rock,POTQS071,251,31-03-2026,51374,2569,31-03-2026,Mar-26,31-03-2026,53942,,,,07-04-2026,31-03-2026,,08-04-2026,08-04-2026,,11-Apr-26,51373,2569,53942,0,0,0,0,0,0,53942,P22/PO71/5388/SAR,,,,,,,,,,,,,,,
SCP Concrete,POTQS001-A3,00066/26-27,08-04-2026,41525,7475,08-04-2026,Apr-26,08-04-2026,49000,,,,13-04-2026,08-04-2026,,14-04-2026,14-04-2026,,,,,,,,,,,,,,,,,,,,,,,,,,,,
SCP Concrete,POTQS001-A3,00067/26-27,08-04-2026,41525,7475,08-04-2026,Apr-26,08-04-2026,49000,,,,13-04-2026,08-04-2026,,14-04-2026,14-04-2026,,,,,,,,,,,,,,,,,,,,,,,,,,,,
SCP Concrete,POTQS001-A3,00070/26-27,08-04-2026,33220,5980,08-04-2026,Apr-26,08-04-2026,39200,,,,13-04-2026,08-04-2026,,14-04-2026,14-04-2026,,,,,,,,,,,,,,,,,,,,,,,,,,,,
SCP Concrete,POTQS001-A3,00072/26-27,08-04-2026,14534,2616,08-04-2026,Apr-26,08-04-2026,17150,,,,13-04-2026,08-04-2026,,14-04-2026,14-04-2026,,,,,,,,,,,,,,,,,,,,,,,,,,,,
SCP Concrete,POTQS001-A3,00077/26-27,09-04-2026,11822,2128,09-04-2026,Apr-26,09-04-2026,13950,,,,13-04-2026,09-04-2026,,14-04-2026,14-04-2026,,,,,,,,,,,,,,,,,,,,,,,,,,,,
SCP Concrete,POTQS001-A3,00113/26-27,11-04-2026,41525,7475,11-04-2026,Apr-26,11-04-2026,49000,,,,13-04-2026,11-04-2026,,14-04-2026,14-04-2026,,,,,,,,,,,,,,,,,,,,,,,,,,,,
SCP Concrete,POTQS001-A3,00115/26-27,12-04-2026,24915,4485,12-04-2026,Apr-26,12-04-2026,29400,,,,13-04-2026,12-04-2026,,14-04-2026,14-04-2026,,,,,,,,,,,,,,,,,,,,,,,,,,,,
SCP Concrete,POTQS001-A3,00116/26-27,12-04-2026,24915,4485,12-04-2026,Apr-26,12-04-2026,29400,,,,13-04-2026,12-04-2026,,14-04-2026,14-04-2026,,,,,,,,,,,,,,,,,,,,,,,,,,,,
Ashok steel and cements,POTQS068,ASC014/26-27,08-04-2026,47034,8466,08-04-2026,Apr-26,08-04-2026,55500,,,,13-04-2026,08-04-2026,,14-04-2026,14-04-2026,,,,,,,,,,,,,,,,,,,,,,,,,,,,
Amaze portable cabin,POTQS057,17/BLR/26-27,10-04-2026,378500,69930,10-04-2026,Apr-26,10-04-2026,448430,,,,13-04-2026,10-04-2026,,14-04-2026,14-04-2026,,,,,,,,,,,,,,,,,,,,,,,,,,,,
Sobha Limited,POTQS061,CPD-KA-000019605,08-04-2026,378400,68112,06-03-2026,Apr-26,08-04-2026,446512,,,,13-04-2026,08-04-2026,,14-04-2026,14-04-2026,,,,,,,,,,,,,,,,,,,,,,,,,,,,
Anjaneya Brick Industry,POTQS050,407,11-04-2026,21150,3807,18-02-2026,Apr-26,11-04-2026,24957,,,,13-04-2026,11-04-2026,,14-04-2026,14-04-2026,,,,,,,,,,,,,,,,,,,,,,,,,,,,
